{"accuracy": [0.6492929458618164, 0.777373731136322, 0.8008080720901489, 0.806464672088623, 0.8331313133239746, 0.8395959734916687, 0.8517171740531921, 0.8492929339408875, 0.8569697141647339, 0.8541414141654968], "val_accuracy": [0.750402569770813, 0.739130437374115, 0.7439613342285156, 0.7584540843963623, 0.7890499234199524, 0.7987117767333984, 0.7745571732521057, 0.8132045269012451, 0.7584540843963623, 0.7858293056488037], "loss": [0.9502174854278564, 0.566632866859436, 0.5033881664276123, 0.47535645961761475, 0.4227089285850525, 0.40713682770729065, 0.3910611569881439, 0.3845805823802948, 0.3601948916912079, 0.35455745458602905], "val_loss": [0.6647698879241943, 0.5729951858520508, 0.6431617140769958, 0.5746452808380127, 0.5174009799957275, 0.46460625529289246, 0.5531896352767944, 0.46270987391471863, 0.6154948472976685, 0.5238363146781921], "fine_tune_accuracy": [0.8307070732116699, 0.8662626147270203, 0.8993939161300659, 0.9147474765777588, 0.9288889169692993, 0.9414141178131104, 0.9446464776992798, 0.9523232579231262, 0.9575757384300232, 0.966464638710022], "fine_tune_val_accuracy": [0.7922705411911011, 0.8325281739234924, 0.8695651888847351, 0.8695651888847351, 0.8663446307182312, 0.8743961453437805, 0.8937197923660278, 0.8937197923660278, 0.8985507488250732, 0.9033816456794739], "fine_tune_loss": [0.45191627740859985, 0.3481864035129547, 0.26202765107154846, 0.24304290115833282, 0.19818942248821259, 0.1592288762331009, 0.14232710003852844, 0.13377051055431366, 0.11682496219873428, 0.1005605086684227], "fine_tune_val_loss": [0.5653645992279053, 0.40522053837776184, 0.34440433979034424, 0.309693306684494, 0.36915287375450134, 0.33908626437187195, 0.2944354712963104, 0.3193510174751282, 0.30431294441223145, 0.30065369606018066]}